{
    "model_name": "groq_run1",
    "retrieval": 0.5333333333333333,
    "generation": 0.8666666666666667,
    "ragas": 0.45416666666145833,
    "rqi": 0.6095833333317708,
    "grade": "C"
}